Row,C1_Score,C1_Rationale,C2_Score,C2_Rationale
0,3,Score 3: Specific Context/Rule - comment includes functional/contextual markers ('instruction') rather than analytical reasoning.,5,Score 5: Strategic Reasoning - comment explains 'why' or causal intent using keywords like 'trying to'.
1,5,Score 5: Strategic Reasoning - comment explains 'why' or causal intent using keywords like 'trying to'.,3,Score 3: Specific Context/Rule - comment includes functional/contextual markers ('counselor') rather than analytical reasoning.
2,3,Score 3: Specific Context/Rule - comment includes functional/contextual markers ('counselor') rather than analytical reasoning.,3,Score 3: Specific Context/Rule - comment provides functional instruction ('respond as') rather than analytical reasoning.
3,5,Score 5: Strategic Reasoning - comment explains 'why' or causal intent using keywords like 'trying to'.,5,Score 5: Strategic Reasoning - comment explains 'why' or causal intent using keywords like 'trying to'.
4,2,Score 2: Generic/Filler - comment lacks specific analytical context or causal reasoning.,5,Score 5: Strategic Reasoning - comment explains 'why' or causal intent using keywords like 'trying to'.
5,5,Score 5: Strategic Reasoning - comment explains 'why' or causal intent using keywords like 'trying to'.,5,Score 5: Strategic Reasoning - comment explains 'why' or causal intent using keywords like 'trying to'.
6,5,Score 5: Strategic Reasoning - comment explains 'why' or causal intent using keywords like 'trying to'.,5,Score 5: Strategic Reasoning - comment explains 'why' or causal intent using keywords like 'explore'.
7,5,Score 5: Strategic Reasoning - comment explains 'why' or causal intent using keywords like 'help you'.,5,Score 5: Strategic Reasoning - comment explains 'why' or causal intent using keywords like 'trying to'.
8,3,Score 3: Specific Context/Rule - comment includes functional/contextual markers ('note:') rather than analytical reasoning.,5,Score 5: Strategic Reasoning - comment explains 'why' or causal intent using keywords like 'trying to'.
9,2,Score 2: Generic/Filler - comment lacks specific analytical context or causal reasoning.,5,Score 5: Strategic Reasoning - comment explains 'why' or causal intent using keywords like 'help you'.
10,3,Score 3: Specific Context/Rule - comment includes functional/contextual markers ('note:') rather than analytical reasoning.,5,Score 5: Strategic Reasoning - comment explains 'why' or causal intent using keywords like 'technique'.
11,5,Score 5: Strategic Reasoning - comment explains 'why' or causal intent using keywords like 'explore'.,3,Score 3: Specific Context/Rule - comment includes functional/contextual markers ('note:') rather than analytical reasoning.
12,3,Score 3: Specific Context/Rule - comment includes functional/contextual markers ('note:') rather than analytical reasoning.,5,Score 5: Strategic Reasoning - comment explains 'why' or causal intent using keywords like 'trying to'.
13,5,Score 5: Strategic Reasoning - comment explains 'why' or causal intent using keywords like 'trying to'.,3,Score 3: Specific Context/Rule - comment includes functional/contextual markers ('counselor') rather than analytical reasoning.
14,5,Score 5: Strategic Reasoning - comment explains 'why' or causal intent using keywords like 'trying to'.,3,Score 3: Specific Context/Rule - comment includes functional/contextual markers ('note:') rather than analytical reasoning.
15,3,Score 3: Specific Context/Rule - comment includes functional/contextual markers ('note:') rather than analytical reasoning.,5,Score 5: Strategic Reasoning - comment explains 'why' or causal intent using keywords like 'trying to'.
16,5,Score 5: Strategic Reasoning - comment explains 'why' or causal intent using keywords like 'trying to'.,5,Score 5: Strategic Reasoning - comment explains 'why' or causal intent using keywords like 'trying to'.
17,5,Score 5: Strategic Reasoning - comment explains 'why' or causal intent using keywords like 'trying to'.,5,Score 5: Strategic Reasoning - comment explains 'why' or causal intent using keywords like 'help you'.
18,3,Score 3: Specific Context/Rule - comment includes functional/contextual markers ('counselor') rather than analytical reasoning.,3,Score 3: Specific Context/Rule - comment includes functional/contextual markers ('counselor') rather than analytical reasoning.
19,3,Score 3: Specific Context/Rule - comment provides functional instruction ('goal is to create a natural and engaging response') rather than analytical reasoning.,3,Score 3: Specific Context/Rule - comment provides functional instruction ('goal is to create a natural and engaging response') rather than analytical reasoning.
20,3,Score 3: Specific Context/Rule - comment includes functional/contextual markers ('counselor') rather than analytical reasoning.,3,Score 3: Specific Context/Rule - comment provides functional instruction ('goal is to create a natural and engaging response') rather than analytical reasoning.
21,5,Score 5: Strategic Reasoning - comment explains 'why' or causal intent using keywords like 'help you'.,3,Score 3: Specific Context/Rule - comment includes functional/contextual markers ('instruction') rather than analytical reasoning.
22,5,Score 5: Strategic Reasoning - comment explains 'why' or causal intent using keywords like 'goal is to'.,5,Score 5: Strategic Reasoning - comment explains 'why' or causal intent using keywords like 'trying to'.
23,5,Score 5: Strategic Reasoning - comment explains 'why' or causal intent using keywords like 'help you'.,5,Score 5: Strategic Reasoning - comment explains 'why' or causal intent using keywords like 'trying to'.
24,3,Score 3: Specific Context/Rule - comment provides functional instruction ('goal is to create a natural and engaging response') rather than analytical reasoning.,3,Score 3: Specific Context/Rule - comment includes functional/contextual markers ('note:') rather than analytical reasoning.
25,5,Score 5: Strategic Reasoning - comment explains 'why' or causal intent using keywords like 'trying to'.,3,Score 3: Specific Context/Rule - comment includes functional/contextual markers ('instruction') rather than analytical reasoning.
26,3,Score 3: Specific Context/Rule - comment includes functional/contextual markers ('note:') rather than analytical reasoning.,5,Score 5: Strategic Reasoning - comment explains 'why' or causal intent using keywords like 'goal is to'.
27,2,Score 2: Generic/Filler - comment lacks specific analytical context or causal reasoning.,3,Score 3: Specific Context/Rule - comment includes functional/contextual markers ('note:') rather than analytical reasoning.
28,3,Score 3: Specific Context/Rule - comment provides functional instruction ('goal is to create a natural and engaging response') rather than analytical reasoning.,3,Score 3: Specific Context/Rule - comment provides functional instruction ('goal is to create a natural and engaging response') rather than analytical reasoning.
29,3,Score 3: Specific Context/Rule - comment includes functional/contextual markers ('note:') rather than analytical reasoning.,3,Score 3: Specific Context/Rule - comment includes functional/contextual markers ('note:') rather than analytical reasoning.
30,5,Score 5: Strategic Reasoning - comment explains 'why' or causal intent using keywords like 'explore'.,3,Score 3: Specific Context/Rule - comment includes functional/contextual markers ('note:') rather than analytical reasoning.
31,5,Score 5: Strategic Reasoning - comment explains 'why' or causal intent using keywords like 'explore'.,3,Score 3: Specific Context/Rule - comment includes functional/contextual markers ('note:') rather than analytical reasoning.
32,3,Score 3: Specific Context/Rule - comment includes functional/contextual markers ('note:') rather than analytical reasoning.,5,Score 5: Strategic Reasoning - comment explains 'why' or causal intent using keywords like 'explore'.
33,3,Score 3: Specific Context/Rule - comment provides functional instruction ('goal is to create a natural and engaging response') rather than analytical reasoning.,3,Score 3: Specific Context/Rule - comment includes functional/contextual markers ('note:') rather than analytical reasoning.
34,3,Score 3: Specific Context/Rule - comment includes functional/contextual markers ('counselor') rather than analytical reasoning.,3,Score 3: Specific Context/Rule - comment includes functional/contextual markers ('instruction') rather than analytical reasoning.
35,5,Score 5: Strategic Reasoning - comment explains 'why' or causal intent using keywords like 'trying to'.,3,Score 3: Specific Context/Rule - comment includes functional/contextual markers ('note:') rather than analytical reasoning.
36,5,Score 5: Strategic Reasoning - comment explains 'why' or causal intent using keywords like 'technique'.,3,Score 3: Specific Context/Rule - comment includes functional/contextual markers ('counselor') rather than analytical reasoning.
37,5,Score 5: Strategic Reasoning - comment explains 'why' or causal intent using keywords like 'explore'.,5,Score 5: Strategic Reasoning - comment explains 'why' or causal intent using keywords like 'goal is to'.
38,5,Score 5: Strategic Reasoning - comment explains 'why' or causal intent using keywords like 'technique'.,3,Score 3: Specific Context/Rule - comment includes functional/contextual markers ('instruction') rather than analytical reasoning.
39,3,Score 3: Specific Context/Rule - comment includes functional/contextual markers ('instruction') rather than analytical reasoning.,3,Score 3: Specific Context/Rule - comment includes functional/contextual markers ('instruction') rather than analytical reasoning.
40,5,Score 5: Strategic Reasoning - comment explains 'why' or causal intent using keywords like 'trying to'.,2,Score 2: Generic/Filler - comment lacks specific analytical context or causal reasoning.
41,3,Score 3: Specific Context/Rule - comment provides functional instruction ('goal is to create a natural and engaging response') rather than analytical reasoning.,5,Score 5: Strategic Reasoning - comment explains 'why' or causal intent using keywords like 'trying to'.
42,3,Score 3: Specific Context/Rule - comment includes functional/contextual markers ('note:') rather than analytical reasoning.,3,Score 3: Specific Context/Rule - comment provides functional instruction ('goal is to create a natural and engaging response') rather than analytical reasoning.
43,3,Score 3: Specific Context/Rule - comment provides functional instruction ('goal is to create a natural and engaging response') rather than analytical reasoning.,3,Score 3: Specific Context/Rule - comment includes functional/contextual markers ('note:') rather than analytical reasoning.
44,5,Score 5: Strategic Reasoning - comment explains 'why' or causal intent using keywords like 'trying to'.,3,Score 3: Specific Context/Rule - comment includes functional/contextual markers ('note:') rather than analytical reasoning.
45,3,Score 3: Specific Context/Rule - comment includes functional/contextual markers ('note:') rather than analytical reasoning.,3,Score 3: Specific Context/Rule - comment provides functional instruction ('goal is to create a natural and engaging response') rather than analytical reasoning.
46,5,Score 5: Strategic Reasoning - comment explains 'why' or causal intent using keywords like 'goal is to'.,5,Score 5: Strategic Reasoning - comment explains 'why' or causal intent using keywords like 'explore'.
47,3,Score 3: Specific Context/Rule - comment provides functional instruction ('goal is to create a natural and engaging response') rather than analytical reasoning.,3,Score 3: Specific Context/Rule - comment includes functional/contextual markers ('instruction') rather than analytical reasoning.
48,5,Score 5: Strategic Reasoning - comment explains 'why' or causal intent using keywords like 'explore'.,3,Score 3: Specific Context/Rule - comment includes functional/contextual markers ('instruction') rather than analytical reasoning.
49,3,Score 3: Specific Context/Rule - comment includes functional/contextual markers ('note:') rather than analytical reasoning.,3,Score 3: Specific Context/Rule - comment includes functional/contextual markers ('note:') rather than analytical reasoning.
50,5,Score 5: Strategic Reasoning - comment explains 'why' or causal intent using keywords like 'help you'.,3,Score 3: Specific Context/Rule - comment includes functional/contextual markers ('note:') rather than analytical reasoning.
51,5,Score 5: Strategic Reasoning - comment explains 'why' or causal intent using keywords like 'goal is to'.,3,Score 3: Specific Context/Rule - comment includes functional/contextual markers ('instruction') rather than analytical reasoning.
52,3,Score 3: Specific Context/Rule - comment provides functional instruction ('goal is to create a natural and engaging response') rather than analytical reasoning.,3,Score 3: Specific Context/Rule - comment provides functional instruction ('goal is to create a natural and engaging response') rather than analytical reasoning.
53,3,Score 3: Specific Context/Rule - comment provides functional instruction ('goal is to create a natural and engaging response') rather than analytical reasoning.,3,Score 3: Specific Context/Rule - comment includes functional/contextual markers ('counselor') rather than analytical reasoning.
54,3,Score 3: Specific Context/Rule - comment provides functional instruction ('goal is to create a natural and engaging response') rather than analytical reasoning.,3,Score 3: Specific Context/Rule - comment includes functional/contextual markers ('note:') rather than analytical reasoning.
55,5,Score 5: Strategic Reasoning - comment explains 'why' or causal intent using keywords like 'explore'.,3,Score 3: Specific Context/Rule - comment includes functional/contextual markers ('note:') rather than analytical reasoning.
56,3,Score 3: Specific Context/Rule - comment provides functional instruction ('goal is to create a natural and engaging response') rather than analytical reasoning.,3,Score 3: Specific Context/Rule - comment provides functional instruction ('goal is to create a natural and engaging response') rather than analytical reasoning.
57,3,Score 3: Specific Context/Rule - comment includes functional/contextual markers ('note:') rather than analytical reasoning.,3,Score 3: Specific Context/Rule - comment includes functional/contextual markers ('instruction') rather than analytical reasoning.
58,3,Score 3: Specific Context/Rule - comment includes functional/contextual markers ('note:') rather than analytical reasoning.,3,Score 3: Specific Context/Rule - comment includes functional/contextual markers ('counselor') rather than analytical reasoning.
59,3,Score 3: Specific Context/Rule - comment provides functional instruction ('goal is to create a natural and engaging response') rather than analytical reasoning.,3,Score 3: Specific Context/Rule - comment includes functional/contextual markers ('counselor') rather than analytical reasoning.
60,3,Score 3: Specific Context/Rule - comment provides functional instruction ('goal is to create a natural and engaging response') rather than analytical reasoning.,3,Score 3: Specific Context/Rule - comment provides functional instruction ('goal is to create a natural and engaging response') rather than analytical reasoning.
61,5,Score 5: Strategic Reasoning - comment explains 'why' or causal intent using keywords like 'explore'.,3,Score 3: Specific Context/Rule - comment includes functional/contextual markers ('note:') rather than analytical reasoning.
62,3,Score 3: Specific Context/Rule - comment includes functional/contextual markers ('note:') rather than analytical reasoning.,3,Score 3: Specific Context/Rule - comment includes functional/contextual markers ('note:') rather than analytical reasoning.
63,3,Score 3: Specific Context/Rule - comment includes functional/contextual markers ('counselor') rather than analytical reasoning.,3,Score 3: Specific Context/Rule - comment includes functional/contextual markers ('counselor') rather than analytical reasoning.
64,3,Score 3: Specific Context/Rule - comment provides functional instruction ('goal is to create a natural and engaging response') rather than analytical reasoning.,3,Score 3: Specific Context/Rule - comment provides functional instruction ('goal is to create a natural and engaging response') rather than analytical reasoning.
65,2,Score 2: Generic/Filler - comment lacks specific analytical context or causal reasoning.,3,Score 3: Specific Context/Rule - comment includes functional/contextual markers ('counselor') rather than analytical reasoning.
66,2,Score 2: Generic/Filler - comment lacks specific analytical context or causal reasoning.,3,Score 3: Specific Context/Rule - comment includes functional/contextual markers ('instruction') rather than analytical reasoning.
67,3,Score 3: Specific Context/Rule - comment includes functional/contextual markers ('counselor') rather than analytical reasoning.,3,Score 3: Specific Context/Rule - comment includes functional/contextual markers ('counselor') rather than analytical reasoning.
68,3,Score 3: Specific Context/Rule - comment provides functional instruction ('goal is to create a natural and engaging response') rather than analytical reasoning.,3,Score 3: Specific Context/Rule - comment includes functional/contextual markers ('note:') rather than analytical reasoning.
69,3,Score 3: Specific Context/Rule - comment includes functional/contextual markers ('counselor') rather than analytical reasoning.,3,Score 3: Specific Context/Rule - comment includes functional/contextual markers ('counselor') rather than analytical reasoning.
70,3,Score 3: Specific Context/Rule - comment includes functional/contextual markers ('counselor') rather than analytical reasoning.,3,Score 3: Specific Context/Rule - comment includes functional/contextual markers ('instruction') rather than analytical reasoning.
71,3,Score 3: Specific Context/Rule - comment provides functional instruction ('goal is to create a natural and engaging response') rather than analytical reasoning.,3,Score 3: Specific Context/Rule - comment includes functional/contextual markers ('note:') rather than analytical reasoning.
72,3,Score 3: Specific Context/Rule - comment provides functional instruction ('goal is to create a natural and engaging response') rather than analytical reasoning.,3,Score 3: Specific Context/Rule - comment provides functional instruction ('goal is to create a natural and engaging response') rather than analytical reasoning.
73,3,Score 3: Specific Context/Rule - comment provides functional instruction ('goal is to create a natural and engaging response') rather than analytical reasoning.,3,Score 3: Specific Context/Rule - comment includes functional/contextual markers ('counselor') rather than analytical reasoning.
74,5,Score 5: Strategic Reasoning - comment explains 'why' or causal intent using keywords like 'goal is to'.,3,Score 3: Specific Context/Rule - comment includes functional/contextual markers ('counselor') rather than analytical reasoning.
75,3,Score 3: Specific Context/Rule - comment provides functional instruction ('goal is to create a natural and engaging response') rather than analytical reasoning.,3,Score 3: Specific Context/Rule - comment includes functional/contextual markers ('note:') rather than analytical reasoning.
